word	pos	approved	alternatives
a	art	y
abaft	prep	n	aft of
abandon	v	n	go;stop
abate	v	n	decrease
ability	n	n	can
able	adj	n	can
abnormal	adj	n	unusual;incorrect
abnormality	n	n	defect
absence	n	n	none;not;no
absent	adj	n	missing;no
absolutely	adv	n	fully
absorb	v	y
absorption	n	n	absorb
abundant	adj	n	large
abut	v	n	touch
accelerate	v	n	increase;faster
accept	v	y
acceptable	adj	n	permitted;satisfactory;serviceable
acceptance	n	n	accept
access	n	y
accessible	adj	n	access
accident	n	y
accidental	adj	y
accidentally	adv	y
accommodate	v	n	let
accomplish	v	n	do;complete
according to	prep	n	refer
account for	v	n	make sure
accumulate	v	n	collect
accumulation	n	n	quantity;collect
accuracy	n	n	precision
accurate	adj	y
accurately	adv	y
achieve	v	n	get
acquire	v	n	get
acrid	adj	n	dangerous
across	prep	y
act	v	n	(use an accurate verb)
action	n	n	step;procedure;task
activate	v	y
active	adj	y
activity	n	n	task;procedure;work
actuate	v	n	start;operate;push
actuation	n	n	operation
adapt	v	y
add	v	y
addition	n	n	add
additional	adj	n	more
adequate	adj	n	sufficient
adhere	v	n	bond;obey
adhesion	n	n	bond
adjacent	adj	y
adjacent to	prep	y
adjoining	adj	n	adjacent
adjust	v	y
adjustable	adj	y
adjustment	n	y
admit	v	n	let
adopt	v	n	use
advance	n	n	forward
advance	v	n	set;forward
adverse	adj	n	bad
advisable	adj	n	recommend
advise	v	n	tell;recommend
affect	v	n	effect
aft	adj	y
aft	adv	y
after	conj	y
after	prep	y
aft of	prep	y
again	adv	y
against	prep	y
agent	n	y
aggravate	v	n	increase
agitate	v	n	shake
agitation	n	n	shake
agree	v	y
ahead	adv	n	forward
aid	n	y
aid	v	n	help
aim	v	n	point
airborne	adj	y
air-dry	v	n	dry
airflow	n	y
alert	v	n	tell
align	v	y
alignment	n	n	align
all	adj	y
allocate	v	n	give
allow	v	n	let
allowable	adj	n	permitted;approved
almost	adv	y
along	prep	y
already	adv	n	in progress;no other
also	adv	y
alter	v	n	change
alteration	n	n	change
alternate	adj	n	alternative;each second
alternate	v	n	then
alternately	adv	n	in one...and then the other
alternative	adj	y
alternative	n	y
alternatively	adv	n	alternative
although	conj	y
always	adv	y
amend	v	n	change
amendment	n	n	change
among	prep	n	in
amount	n	n	quantity
an	art	y
analog	adj	y
analyze	v	n	analysis
anchor	v	n	attach
angular	adj	y
annotation	n	n	write;record
annunciate	v	n	show
another	adj	n	one more;different;again
anticlockwise	adv	n	counterclockwise
any	adj	y
any	pron	n	one
anytime	adv	n	when
apart	adv	y
aperture	n	n	opening
apparent	adj	n	see;find
appear	v	n	show;view;think;possible
applicable	adj	y
application	n	n	apply
apply	v	y
appoint	v	n	tell
approach	v	n	go near
appropriate	adj	n	applicable
approval	n	y
approve	v	n	approval
approved	adj	y
approximate	adj	y
approximately	adv	y
area	n	y
arise	v	n	occur;cause
arm	v	y
around	prep	y
arrange	v	n	put
arrangement	n	n	configuration;prepare
arrest	v	n	stop;hold
arrive	v	n	get
arrow	n	y
article	n	n	object
as	prep	y
as	conj	n	because;while;as follows;as necessary;as shown
as...as	conj	y
ascertain	v	n	make sure
ask	v	n	tell;speak
assemble	v	y
assembly	n	y
assess	v	n	calculate;estimate
assessment	n	n	estimate;calculate
assign	v	n	give
assist	v	n	help
assistance	n	n	aid;help
associated	adj	n	correct;related;its;their
assume	v	n	think
assure	v	n	make sure
as to	prep	n	about
asymmetric	adj	n	not symmetrical
at	prep	y
attach	v	y
attachment	n	n	attach
attain	v	n	show;be;get
attempt	n	n	try
attempt	v	n	try
attention	n	n	aid;careful;monitor
build	v	n	assemble
care	n	n	precaution;careful;carefully
careful	adj	y
carefully	adv	y
carry	v	n	transmit;transport
carry out	v	n	do;measure
case	n	n	condition
case (in case of)	conj	n	if
catch	v	y
categorize	v	n	category
cause	n	y
cause	v	y
caution	v	n	tell
cautiously	adv	n	carefully
cavity	n	n	hole;space
cease	v	n	stop
center	v	n	center
centralize	v	n	center
certain	adj	n	sure;some;specified
certify	v	n	write;approval
chafe	v	n	rub
chafed	adj	n	worn
chance (by chance)	n	n	risk;accidentally
change	n	y
change	v	y
channel	v	n	channel
characteristic	n	n	property;quality
charge	v	y
check	n	y
check	v	n	make sure;measure;examine
chemical	adj	y
chemically	adv	y
chip	n	n	particle
chip	v	n	damaged
chock	v	n	chock
choice	n	n	selection;alternative
choose	v	n	select;alternative
circa	prep	n	approximately
circle	v	n	around
circular	adj	y
circulate	v	n	supply
clamp	v	n	attach;put
classification	n	n	class;category
clean	adj	y
clean	v	y
cleanliness	n	n	clean
clear	adj	y
clear	v	n	clean
clearance	n	y
clearly	adv	y
click	n	y
click	v	n	click
clip	v	n	cut;attach
clockwise	adv	y
clogged	adj	y
close	adj	n	near
close	v	y
closely	adv	n	carefully
close to	adv	n	near
coat	n	n	layer
coat	v	n	layer
coating	n	n	layer
cock	v	n	set
code	n	y
code	v	n	identify
coil	n	y
coil	v	n	wind
coincide	v	n	align
coincident	adj	n	synchronized;align
cold	adj	y
collapse	v	n	close;fall
collect	v	y
color	n	y
color code	v	n	identify;code
colored	adj	n	color
combine	v	n	mix;put together
combustible	adj	n	flammable
come	v	y
come on	v	y
commence	v	n	start
commencement	n	n	start
common	adj	n	same
communicate	v	n	contact;speak;hear
communication	n	y
compare	v	y
comparison	n	n	compare
compatible	adj	y
compile	v	n	make a list;record;collect
complete	adj	n	full;all;completed
complete	v	y
completed	adj	y
completely	adv	n	fully
completion	n	n	end;complete
complicated	adj	n	not easy
comply	v	n	obey
component	n	y
comprehensive	adj	n	full
compress	v	y
comprise	v	n	have;contain
compulsory	adj	n	mandatory
compute	v	n	calculate
concentrate	v	n	all
concentration	n	y
concentric	adj	y
concern	v	n	applicable
condition	n	y
conduct	v	n	do
confine to	v	n	only
confirm	v	n	make sure
conflict	n	n	different;agree
conform	v	n	agree
conformance	n	n	agree
conformity	n	n	agree
connect	v	y
connection	n	y
consecutive	adj	n	one after the other
consecutively	adv	n	one after the other;sequence
consequence	n	n	because of
consider	v	n	think
considerable	adj	n	large;important;dangerous
consist of	v	n	have
consistent	adj	n	agree
constant	adj	y
constantly	adv	y
construct	v	n	assemble
consult	v	n	refer
contact	v	y
contain	v	y
container	n	y
contaminant	n	n	contamination
contaminated	adj	n	dirty;contamination
contamination	n	y
contents	n	y
contiguous	adj	n	adjacent
continue	v	y
continuous	adj	y
continuously	adv	y
contour	n	y
control	n	y
control	v	y
conventional	adj	n	standard
converse	adj	n	opposite
convert	v	n	change
convey	v	n	move;tell
cool	adj	y
cool	v	n	decrease
coordinate	v	n	synchronized
copy	n	y
copy	v	n	write;record
corner	n	y
correct	adj	y
correct	v	y
correction	n	y
correctly	adv	y
correctness	n	n	correct;correctly
correspond	v	n	agree;same;different
corresponding	adj	n	related
corrode	v	n	corrosion
corrosive	adj	n	corrosion
limitation	n	n	limit
limited	adj	n	small
linear	adj	y
linearly	adv	y
link	v	n	connect;attach
liquid	adj	y
liquid	n	y
list	v	n	record;show
listen	v	y
little	adj	n	small;short;not sufficient
little (a little)	adj	n	small quantity
little (a little)	adv	n	small
live	adj	y
load	v	n	install
local	adj	y
locally	adv	y
locate	v	n	find;engage;put
location	n	y
lock	v	y
log	v	n	record
long	adj	y
long (as long as)	conj	n	while
long (no longer)	adv	n	not...at this time;until...not
longitudinal	adj	y
longitudinally	adv	y
look	v	y
loop	n	y
loop	v	n	loop
loose	adj	y
loosely	adv	y
loosen	v	y
lose	v	n	decrease
lost	adj	n	decrease;not find
low	adj	y
lower	v	y
lowermost	adj	n	bottom
lubricate	v	y
lukewarm	adj	n	warm
magnetic	adj	y
magnetically	adv	y
main	adj	n	primary
maintain	v	n	keep;hold
maintenance	n	y
major	adj	n	primary
make	v	y
make certain	v	n	make sure
make sure	v	y
maladjusted	adj	n	incorrectly adjusted
malfunction	n	y
mandatory	adj	y
manipulate	v	n	move;adjust
manual	adj	y
manual	n	y
manually	adv	y
manufacture	v	n	make
many	adj	y
mark	n	y
mark	v	n	identify
mass	n	y
match	v	n	align;agree
mate	v	n	connect;engage;together
material	n	y
mating	adj	y
matt (matte)	adj	y
matter	n	n	material
maximum	adj	y
maximum	n	y
may	v	n	can;possibly
measure	v	y
mechanical	adj	y
mechanically	adv	y
mechanism	n	y
medical	adj	y
medium	adj	n	moderate
meet	v	n	engage;touch
melt	v	y
mention	v	n	give
mesh	v	n	engage
meteorological	adj	n	weather
method	n	y
mid	adj	n	middle
middle	adj	y
middle	n	y
mild	adj	n	weak
minimize	v	n	minimum
minimum	adj	y
minimum	n	y
minor	adj	n	small
minus	prep	y
miscellaneous	adj	n	other;all
misrigged	adj	n	incorrectly adjusted
missing	adj	y
mix	n	n	mixture
mix	v	y
mixture	n	y
mobile	adj	y
mode	n	y
moderate	adj	y
moderately	adv	y
modify	v	n	change
moist	adj	y
moisten	v	n	moist
momentarily	adv	y
momentary	adj	n	momentarily
monitor	v	y
moor	v	y
more	adj	y
more	adv	y
most	adj	y
most	adv	y
motion	n	n	movement
mount	v	n	install;attach;put
movable	adj	y
move	v	y
movement	n	y
much	adj	y
much	adv	y
multiply	v	y
must	v	y
name	n	y
near	adj	y
near	prep	y
nearly	adv	n	almost
necessary	adj	y
need	v	n	necessary
neither	adj	n	two...not
neither	pron	n	two...not
neutral	adj	y
neutralize	v	n	neutral
never	adv	n	do not
new	adj	y
next	adj	y
next	adv	n	then
next to	prep	n	adjacent to
no	adj	y
no	adv	y
noise	n	y
noisy	adj	n	noise
none	pron	y
nor	conj	n	not
normal	adj	n	usual;correct
normally	adv	n	usually;correctly
nose	n	y
not	adv	y
notch	n	y
note	v	n	record
notify	v	n	tell;contact;write
now	adv	n	at this time
number	n	y
obey	v	y
object	n	y
observe	v	n	monitor;see;obey
obstruct	v	n	catch;prevent
obstructed	adj	n	blocked;clogged
obstruction	n	n	blockage
obtain	v	n	get
roughness	n	n	rough
round	adj	n	circular
rounded	adj	y
route	n	n	routing
route	v	n	put;routing
routine	adj	n	usual
routing	n	y
row	n	y
rub	v	y
run	v	n	operate
running	adj	n	flush
safe	adj	y
safely	adv	y
safety	n	y
safety	v	y
safety-clip	v	n	lock;safety
safety-wire	v	n	lock;safety
same	adj	y
same	pron	y
sample	n	y
sample	v	n	sample
satisfactorily	adv	y
satisfactory	adj	y
saturate	v	n	soak
save	v	n	keep
scan	v	n	examine
schedule	v	y
scored	adj	n	score
scrap	v	n	discard
scrape	v	n	remove
scratched	adj	n	scratch
screw	v	n	turn;attach
scrub	v	n	clean
seal	n	y
seal	v	y
search	v	n	examine
seat	v	n	install;against
secondary	adj	y
secure	adj	n	tight;safe;correctly
secure	v	n	attach;safety
securely	adv	n	correctly;safely;tight
security	n	n	correctly
see	v	y
seek	v	n	get
seepage	n	n	leakage
seized	adj	n	catch;move;turn
select	v	y
selection	n	y
semicircular	adj	y
send	v	y
sense	v	y
sensitive	adj	y
separable	adj	n	disassemble;disconnect
separate	adj	n	isolated;different;not connected;not attached
separate	v	n	disconnect;divide
separately	adv	n	independently
separation	n	y
sequence	n	y
serious	adj	n	important;dangerous
serrated	adj	n	serration
serration	n	y
serve	v	n	(use an accurate verb)
service	v	n	servicing
serviceability	n	n	serviceable
serviceable	adj	y
servicing	n	y
set	n	y
set	v	y
setting	n	n	adjustment;position;set
settle	v	n	collect;stable
sever	v	n	cut
several	adj	n	some
severe	adj	n	dangerous
shake	v	y
shall	v	n	must
shape	n	y
shape	v	n	shape
sharp	adj	y
sharply	adv	n	quickly;suddenly
shear	v	n	break;cut
sheet	n	y
shield	v	n	prevent;protection
shift	v	n	move
shiny	adj	y
shock	n	y
short	adj	y
shorten	v	n	decrease
should	v	n	must;if
show	v	y
shut down	v	n	stop
side	n	y
sideways	adv	n	side
sight	n	n	view
sight	v	n	look
sign	n	y
significant	adj	n	important
silence	v	n	stop
similar	adj	n	equivalent;almost the same
simulate	v	y
simultaneous	adj	n	at the same time
simultaneously	adv	n	at the same time
since	conj	y
situated	adj	n	install;be
situation	n	n	condition
size	n	n	dimension
skid	v	n	skid
slack	adj	n	tension
slack	n	n	tension
slacken	v	n	tension
slackness	n	n	tension
slave	v	n	control
slide	v	n	move
slight	adj	n	small;light
slightly	adv	n	small
slip	v	n	move;remove;cause to fall;move accidentally
slope	n	y
slot	n	y
slow	adj	y
slow down	v	n	decrease
slowly	adv	y
sluggish	adj	n	slow
small	adj	y
smear	v	n	apply
smell	v	y
smoke	n	y
smoke	v	y
smooth	adj	y
smooth	v	n	smooth
smoothly	adv	y
snag	v	n	catch
snap	n	n	click
snap	v	n	move quickly;break
so (that)	conj	n	until;prevent
soak	v	y
soapy	adj	n	soap
soft	adj	y
soften	v	n	make...soft
soiled	adj	n	dirty
solid	adj	y
solid	n	y
solidify	v	n	solid
solution	n	y
solve	v	n	solution
some	adj	y
some	pron	y
something	pron	y
soon	adv	n	(give a specific time if possible)
sound	n	y
sound	v	n	operate
source	n	y
space	n	y
space	v	n	distance
spacing	n	n	distance
spanwise	adj	n	span
sparingly	adv	n	quantity
spark	n	y
spark	v	n	spark
speak	v	y
special	adj	y
wait	v	y
walk	v	y
want	v	y
warm	adj	y
warm	v	n	warm
warn	v	n	tell;warning
wash	v	n	clean
watch	v	n	monitor;look
watertight	adj	n	seal
way	n	n	procedure
we	pron	y
weak	adj	y
weakness	n	n	weak
wear	v	y
weather	n	y
weep	n	n	leakage
weigh	v	y
weight	n	y
well	adv	n	correctly;good;fully
wet	adj	y
when	conj	y
whenever	conj	n	when
where	conj	y
whether	conj	n	if
which	pron	y
whichever	adj	n	that
whichever	pron	n	that
while	conj	y
whilst	conj	n	while
who	pron	y
whoever	pron	n	who
whole	adj	n	full;all
wholly	adv	n	fully
whose	pron	n	(use a different construction)
wide	adj	y
width	n	y
will	v	y
wind	v	y
windy	adj	n	wind
wipe	v	n	clean
wire	v	n	attach
wire-lock	v	n	lock;safety
with	prep	y
withdraw	v	n	remove
within	prep	n	in;in...or less;in less than
without	prep	y
withstand	v	n	resistant
work	n	y
work	v	n	work
would	v	n	can
wrap	v	n	put;wind
write	v	y
wrong	adj	n	incorrect
wrongly	adv	n	incorrectly
yes	adv	y
yet	conj	n	but
yet	adv	n	at this time
you	pron	y
your	adj	y
yourself	pron	n	you
zero	v	n	zero
